calories,saturated_fat_PDV,sugar_PDV,protein_PDV,health_indicator
319.8,27.0,21.0,19.0,0.6515955087134515
242.2,6.0,30.0,12.0,1.0681952583453478
